<?xml version="1.0" encoding="UTF-8"?>

<suite name='RestAssuredSuite'>
	<listeners>
		<!--listener class-name='package.classname'/-->
		<listener class-name='com.employeeapi.utilities.Reporting'/>
	</listeners>

	<test thread-count="3" name="RestAssuredTests">
		<classes>
			 <class name="com.employeeapi.testCases.TC001_Get_All_Employees"/>
			 <class name="com.employeeapi.testCases.TC002_Get_Single_Employee_Record"/>
			 <class name="com.employeeapi.testCases.TC003_Post_Employee_Record"/>
		</classes>	
	</test>
</suite>